GENE: CYP2C19,,,,,,,,,,,,,,,,,,,,,,,,,,,,,,,,,,,
NG_008384.3 (ATG start),-806C>T,1A>G,7C>T,10T>C,50T>C,55A>C,83A>T,151A>G,12401C>T,12416C>T,12455G>C,12480A>G,12662A>G,12711T>C,12718A>C,12748G>A,12784G>A,12802G>A,17869G>C,17874G>A,17948G>A,19153C>T,19154G>A,19239G>A,19294T>A,80156G>A,80161A>G,80174G>A,80290G>A,87290C>T,90033C>T,90060C>T,90080C>G,90209A>C,Structural Variation
Effect on protein (NP_000760.1),p.expression,p.M1V,p.P3S,p.F4L,p.L17P,p.I19L,p.K28I,p.S51G,p.R73C,p.H78Y,p.G91R,p.H99R,splicing defect,p.W120R,p.E122A,p.R132Q,p.R144H,p.R150H,p.R186P,p.D188N,p.W212X,p.P227L,splicing defect,p.D256N,splicing defect,p.R329H,p.I331V,p.R335Q,p.V374I,p.R410C,p.R433W,p.R442C,p.F448L,p.X491C,
"Position at NC_000010.11 (Homo sapiens chromosome 10, GRCh38.p13)",g.94761900C>T,g.94762706A>G,g.94762712C>T,g.94762715T>C,g.94762755T>C,g.94762760A>C,g.94762788A>T,g.94762856A>G,g.94775106C>T,g.94775121C>T,g.94775160G>C,g.94775185A>G,g.94775367A>G,g.94775416T>C,g.94775423A>C,g.94775453G>A,g.94775489G>A,g.94775507G>A,g.94780574G>C,g.94780579G>A,g.94780653G>A,g.94781858C>T,g.94781859G>A,g.94781944G>A,g.94781999T>A,g.94842861G>A,g.94842866A>G,g.94842879G>A,g.94842995G>A,g.94849995C>T,g.94852738C>T,g.94852765C>T,g.94852785C>G,g.94852914A>C,
Position at NG_008384.3 (CYP2C19 RefSeqGene; forward relative to chromosome),g.4220C>T,g.5026A>G,g.5032C>T,g.5035T>C,g.5075T>C,g.5080A>C,g.5108A>T,g.5176A>G,g.17426C>T,g.17441C>T,g.17480G>C,g.17505A>G,g.17687A>G,g.17736T>C,g.17743A>C,g.17773G>A,g.17809G>A,g.17827G>A,g.22894G>C,g.22899G>A,g.22973G>A,g.24178C>T,g.24179G>A,g.24264G>A,g.24319T>A,g.85181G>A,g.85186A>G,g.85199G>A,g.85315G>A,g.92315C>T,g.95058C>T,g.95085C>T,g.95105C>G,g.95234A>C,
rsID,rs12248560,rs28399504,rs367543002,rs367543003,rs55752064,rs17882687,rs1564656981,rs1564657013,rs145328984,rs1564660997,rs118203756,rs1288601658,rs12769205,rs41291556,rs17885179,rs72552267,rs17884712,rs58973490,rs140278421,rs370803989,rs4986893,rs6413438,rs4244285,rs375781227,rs72558186,rs138142612,rs3758581,rs118203757,rs113934938,rs17879685,rs56337013,rs192154563,rs118203759,rs55640102,
CYP2C19 Allele,,,,,,,,,,,,,,,,,,,,,,,,,,,,,,,,,,,
*38,C,A,C,T,T,A,A,A,C,C,G,A,A,T,A,G,G,G,G,G,G,C,G,G,T,G,A,G,G,C,C,C,C,A,
*1,,,,,,,,,,,,,,,,,,,,,,,,,,,G,,,,,,,,
*2,,,,,,,,,,,,,G,,,,,R,,,,,A,,,,G,,,,,,,,
*3,,,,,,,,,,,,,,,,,,,,,A,,,,,,G,,,,,,,,
*4,Y,G,,,,,,,,,,,,,,,,,,,,,,,,,G,,,,,,,,
*5,,,,,,,,,,,,,,,,,,,,,,,,,,,G,,,,T,,,,
*6,,,,,,,,,,,,,,,,A,,,,,,,,,,,G,,,,,,,,
*7,,,,,,,,,,,,,,,,,,,,,,,,,A,,G,,,,,,,,
*8,,,,,,,,,,,,,,C,,,,,,,,,,,,,G,,,,,,,,
*9,,,,,,,,,,,,,,,,,A,,,,,,,,,,G,,,,,,,,
*10,,,,,,,,,,,,,,,,,,,,,,T,,,,,G,,,,,,,,
*11,,,,,,,,,,,,,,,,,,A,,,,,,,,,G,,,,,,,,
*12,,,,,,,,,,,,,,,,,,,,,,,,,,,G,,,,,,,C,
*13,,,,,,,,,,,,,,,,,,,,,,,,,,,G,,,T,,,,,
*14,,,,,C,,,,,,,,,,,,,,,,,,,,,,G,,,,,,,,
*15,,,,,,C,,,,,,,,,,,,,,,,,,,,,G,,,,,,,,
*16,,,,,,,,,,,,,,,,,,,,,,,,,,,,,,,,T,,,
*17,T,,,,,,,,,,,,,,,,,,,,,,,,,,G,,,,,,,,
*18,,,,,,,,,,,,,,,,,,,,,,,,,,A,G,,,,,,,,
*19,,,,,,,,G,,,,,,,,,,,,,,,,,,,G,,,,,,,,
*22,,,,,,,,,,,,,,,,,,,C,,,,,,,,G,,,,,,,,
*23,,,,,,,,,,,C,,,,,,,,,,,,,,,,G,,,,,,,,
*24,,,,,,,,,,,,,,,,,,,,,,,,,,,G,A,,,,,,,
*25,,,,,,,,,,,,,,,,,,,,,,,,,,,G,,,,,,G,,
*26,,,,,,,,,,,,,,,,,,,,,,,,A,,,G,,,,,,,,
*28,,,,,,C,,,,,,,,,,,,,,,,,,,,,G,,A,,,,,,
*29,,,,,,,T,,,,,,,,,,,,,,,,,,,,G,,,,,,,,
*30,,,,,,,,,T,,,,,,,,,,,,,,,,,,,,,,,,,,
*31,,,,,,,,,,T,,,,,,,,,,,,,,,,,G,,,,,,,,
*32,,,,,,,,,,,,G,,,,,,,,,,,,,,,G,,,,,,,,
*33,,,,,,,,,,,,,,,,,,,,A,,,,,,,G,,,,,,,,
*34,,,T,C,,,,,,,,,,,,,,,,,,,,,,,,,,,,,,,
*35,,,,,,M,,,,,,,G,,,,,,,,,,,,,,G,,,,,,,,
*36,,,,,,,,,,,,,,,,,,,,,,,,,,,,,,,,,,,CYP2C19 full gene deletions
*37,,,,,,,,,,,,,,,,,,,,,,,,,,,,,,,,,,,CYP2C19 partial gene deletions
*39,,,,,,C,,,,,,,,,C,,,,,,,,,,,,G,,,,,,,,